{
    "slug": "1and1-gb",
    "relevant-countries": [
        "gb"
    ],
    "categories": [
        "telecommunication",
        "commerce"
    ],
    "name": "1&1 Internet Ltd.",
    "address": "Discovery House\n154 Southgate Street\nGloucester\nGL1 2EX\nUnited Kingdom",
    "phone": "+44 333 336 5691",
    "email": "privacypolicy@1and1.co.uk",
    "web": "https://www.1and1.co.uk",
    "sources": [
        "https://www.1and1.co.uk/terms-gtc/fileadmin/Terms/PDF_UK/2017_UK_Privacy_policy.pdf",
        "https://contact.1and1.co.uk/contact",
        "https://beta.companieshouse.gov.uk/company/03953678"
    ],
    "request-language": "en",
    "suggested-transport-medium": "email"
}