{
    "slug": "3dhubs",
    "relevant-countries": [
        "all"
    ],
    "categories": [
        "commerce"
    ],
    "name": "3D Hubs B.V.",
    "address": "Frederiksplein 42\n1017 XN Amsterdam\nNetherlands",
    "phone": "+31 20 261 1900",
    "email": "privacy@3dhubs.com",
    "web": "https://www.3dhubs.com",
    "sources": [
        "https://www.3dhubs.com/privacy-policy"
    ],
    "required-elements": [
        {
            "desc": "Name",
            "type": "name"
        },
        {
            "desc": "E-Mail",
            "type": "input"
        }
    ],
    "request-language": "en",
    "suggested-transport-medium": "email"
}
