{
    "slug": "a1-austria",
    "relevant-countries": [
        "at"
    ],
    "categories": [
        "telecommunication"
    ],
    "name": "A1 Telekom Austria AG",
    "address": "Lassallestraße 9\n1020 Wien\nÖsterreich",
    "phone": "+43 050 664 0",
    "email": "datenschutz@a1telekom.at",
    "web": "https://www.a1.net",
    "sources": [
        "http://cdn12.a1.net/m/resources/media/pdf/a1-datenschutzerklaerung-250518-pdf.pdf"
    ],
    "request-language": "de",
    "needs-id-document": true,
    "suggested-transport-medium": "letter"
}
