{
    "slug": "aachen-muenchener",
    "categories": [
        "insurance"
    ],
    "name": "AachenMünchener Lebensversicherung AG",
    "runs": [
        "AachenMünchener Versicherung AG"
    ],
    "address": "AachenMünchener-Platz 1\n52064 Aachen\nDeutschland",
    "phone": "+49 241 4 56 0",
    "fax": "+49 241 4 56 45 10",
    "email": "datenschutzbeauftragter@amv.de",
    "web": "https://www.amv.de/",
    "sources": [
        "https://www.amv.de/datenschutz/",
        "https://www.amv.de/impressum/"
    ],
    "relevant-countries": [
        "de"
    ],
    "suggested-transport-medium": "email"
}