{
    "slug": "abebooks",
    "categories": [
        "commerce"
    ],
    "name": "AbeBooks Europe GmbH",
    "runs": [
        "ZVAB.com Zentrales Verzeichnis Antiquarischer Bücher"
    ],
    "address": "Ronsdorfer Str. 77a\n40233 Düsseldorf\nDeutschland",
    "phone": "+49 211 7117069 0",
    "fax": "+49 211 7117069 19",
    "email": "info@abebooks.de",
    "web": "https://www.abebooks.de",
    "sources": [
        "https://www.abebooks.de/Unternehmen/Datenschutzerklaerung.shtml",
        "https://www.abebooks.de/Unternehmen/",
        "https://www.zvab.com/unternehmen/datenschutzerklaerung.shtml?cm_sp=Ftr-_-Home-_-about4"
    ],
    "relevant-countries": [
        "de"
    ]
}