{
    "slug": "abendgymnasium-bs",
    "relevant-countries": [
        "de"
    ],
    "categories": [
        "public body"
    ],
    "name": "Abendgymnasium Braunschweig",
    "address": "Wolfenbütteler Straße 57\n38124 Braunschweig\nDeutschland",
    "phone": "+49 531 2885710",
    "fax": "+49 531 2885729",
    "email": "joerg.weidenmueller@bsk-agy.de",
    "web": "http://abendgymnasium-braunschweig.de/",
    "sources": [
        "http://abendgymnasium-braunschweig.de/?page_id=15"
    ],
    "request-language": "de"
}