{
    "slug": "abis",
    "categories": [
        "addresses"
    ],
    "name": "ABIS GmbH",
    "address": "Lyoner Str. 20\n60528 Frankfurt am Main\nDeutschland",
    "phone": "+49 69 79 20 09 0",
    "fax": "+49 69 79 20 09 20",
    "email": "datenschutz@abis-online.de",
    "sources": [
        "https://www.abis-online.de/datenschutz/datenschutzanfrage/",
        "https://www.abis-online.de/kontakt/impressum/"
    ],
    "required-elements": [
        {
            "desc": "Name",
            "type": "name"
        },
        {
            "desc": "Adresse",
            "type": "address"
        }
    ],
    "comments": [
        "Erwarten laut Webseite eigenhändige Unterschrift, da ansonsten eindeutige Identifizierung nicht möglich sei."
    ],
    "relevant-countries": [
        "de"
    ],
    "suggested-transport-medium": "email"
}