{
    "slug": "acxiom",
    "categories": [
        "addresses"
    ],
    "name": "Acxiom Deutschland GmbH",
    "address": "Martin-Behaim Straße 12\n63263 Neu-Isenburg\nDeutschland",
    "phone": "+49 6102 736 3",
    "fax": "+49 6102 736 444",
    "email": "datenschutz@acxiom.com",
    "web": "http://www.acxiom.de/",
    "sources": [
        "http://www.acxiom.de/datenschutz/",
        "http://www.acxiom.de/impressum/",
        "https://marketing.acxiom.com/AcxiomDE-Verbraucheranfragen.html"
    ],
    "required-elements": [
        {
            "desc": "Name",
            "type": "name"
        },
        {
            "desc": "Adresse",
            "type": "address"
        }
    ],
    "relevant-countries": [
        "de"
    ],
    "suggested-transport-medium": "email"
}
