{
    "slug": "acxiom-gb",
    "relevant-countries": [
        "gb"
    ],
    "categories": [
        "addresses"
    ],
    "name": "Acxiom Ltd.",
    "address": "17 Hatfields\nLondon\nSE1 8DJ\nUnited Kingdom",
    "phone": "+44 20 7526 5100",
    "email": "dataprotection@acxiom.co.uk",
    "web": "https://www.acxiom.co.uk/",
    "sources": [
        "https://www.acxiom.co.uk/about-acxiom/privacy/uk-privacy-policy-2/"
    ],
    "request-language": "en",
    "suggested-transport-medium": "email"
}