{
    "slug": "adara",
    "relevant-countries": [
        "all"
    ],
    "categories": [
        "ads"
    ],
    "name": "ADARA, Inc.",
    "address": "1070 E. Meadow Circle\nPalo Alto\nCA 94303\nUnited States of America",
    "phone": "+1 408 876 6360",
    "email": "dpo@adara.com",
    "web": "https://adara.com/",
    "sources": [
        "https://adara.com/privacy-promise/",
        "https://adara.com/contact-us/"
    ],
    "request-language": "en",
    "custom-access-template": "access-tracking",
    "suggested-transport-medium": "email"
}