{
	"slug": "adtargeting-de",
	"relevant-countries": [
		"de"
	],
    "categories": [
        "ads"
    ],
    "name": "Adtargeting GmbH",
    "address": "Hauptstrasse 223\n65760 Eschborn\nDeutschland",
    "phone": "+49 6196 9727747",
    "fax": "+49 5251 2020271",
    "email": "datenschutz@adtargeting.de",
    "sources": [
    	"https://github.com/datenanfragen/data/issues/78",
    	"https://github.com/datenanfragen/data/issues/103",
    	"http://razordrink.de/"
    ],
    "needs-id-document": false,
    "suggested-transport-medium": "email"
}