{
    "slug": "alba",
    "relevant-countries": [
        "de"
    ],
    "categories": [
        "utility"
    ],
    "name": "ALBA Group plc & Co. KG",
    "address": "Knesebeckstr. 56 – 58\n10719 Berlin\nDeutschland",
    "phone": "+49 30 35182 3260",
    "fax": "+49 30 35182 9398",
    "email": "datenschutz@albagroup.de",
    "web": "https://www.alba.info",
    "sources": [
        "https://www.alba.info/datenschutz.html",
        "https://www.alba.info/impressum.html"
    ],
    "suggested-transport-medium": "email"
}