{
    "slug": "alfahosting",
    "categories": [
        "telecommunication"
    ],
    "name": "Alfahosting GmbH",
    "address": "Ankerstraße 3b\n06108 Halle (Saale)\nDeutschland",
    "phone": "+49 800 7000 0800",
    "fax": "+49 345 680 04 99",
    "email": "datenschutzbeauftragter@alfahosting.de",
    "web": "https://alfahosting.de/",
    "sources": [
        "https://alfahosting.de/datenschutz/",
        "https://alfahosting.de/impressum/"
    ],
    "relevant-countries": [
        "de"
    ],
    "suggested-transport-medium": "email"
}