{
    "slug": "all-inkl",
    "categories": [
        "telecommunication"
    ],
    "name": "ALL-INKL.COM - Neue Medien Münnich",
    "address": "Hauptstraße 68\n02742 Friedersdorf\nDeutschland",
    "phone": "+49 35872 353 10",
    "fax": "+49 35872 353 30",
    "email": "datenschutz@all-inkl.com",
    "web": "https://all-inkl.com/",
    "sources": [
        "https://all-inkl.com/datenschutz/",
        "https://all-inkl.com/impressum/"
    ],
    "relevant-countries": [
        "de"
    ],
    "suggested-transport-medium": "email"
}