{
    "slug": "allianz",
    "categories": [
        "insurance"
    ],
    "name": "Allianz SE",
    "address": "Königinstraße 28\n80802 München\nDeutschland",
    "phone": "+49 89 3800 0",
    "email": "privacy@allianz.com",
    "web": "https://www.allianz.com",
    "sources": [
        "https://www.allianz.com/de/info/datenschutzprinzipien/",
        "https://www.allianz.com/de/info/impressum-allianz-se/"
    ],
    "relevant-countries": [
        "de"
    ],
    "suggested-transport-medium": "email"
}