{
    "slug": "amazon-es",
    "relevant-countries": [
        "es"
    ],
    "categories": [
        "commerce",
        "entertainment"
    ],
    "name": "Amazon Europe Core SARL",
    "runs": [
        "amazon.es",
        "Amazon EU SARL",
        "Amazon Services Europe SARL",
        "Amazon Media EU SARL",
        "Amazon Digital UK Limited",
        "Amazon Kindle",
        "Kindle Direct Publishing",
        "Amazon Warehouse Deals",
        "Amazon Marketplace"
    ],
    "address": "38 avenue John F. Kennedy\nL-1855, Luxembourg\nLuxembourg",
    "email": "eu-privacy@amazon.es",
    "web": "https://www.amazon.es/",
    "sources": [
        "https://www.amazon.es/gp/help/customer/display.html?ie=UTF8&nodeId=201909010"
    ],
    "required-elements": [
        {
            "desc": "Nombre",
            "type": "name"
        },
        {
            "desc": "Dirección electrónica",
            "type": "email"
        }
    ],
    "suggested-transport-medium": "email"
}