{
    "slug": "amtsgericht-hagen",
    "relevant-countries": [
        "de"
    ],
    "categories": [
        "public body"
    ],
    "name": "Amtsgericht Hagen",
    "runs": [
        "Handelsregister.de"
    ],
    "address": "Heinitzstr. 42\n58097 Hagen\nDeutschland",
    "phone": "+49 2331 985112",
    "fax": "+49 211 87565114100",
    "email": "service@handelsregister.de",
    "web": "https://www.handelsregister.de/rp_web/welcome.do",
    "sources": [
        "https://www.handelsregister.de/rp_web/contact.do"
    ],
    "request-language": "de"
}
