{
    "slug": "aok",
    "categories": [
        "insurance"
    ],
    "name": "AOK-Bundesverband GbR",
    "address": "Rosenthaler Straße 31\n10178 Berlin\nDeutschland",
    "phone": "+49 30 346 46 0",
    "fax": "+49 30 346 46 2502",
    "email": "datenschutz@bv.aok.de",
    "web": "https://www.aok.de/",
    "sources": [
        "https://www.aok.de/inhalt/informationen-zur-datenverarbeitung/",
        "https://www.aok.de/inhalt/impressum-6/"
    ],
    "relevant-countries": [
        "de"
    ],
    "suggested-transport-medium": "email"
}