{
    "slug": "apothekerschmitt-de",
    "relevant-countries": [
        "de"
    ],
    "categories": [
        "health"
    ],
    "name": "St. Leonhard Apotheke, Roland Schmitt e.K.",
    "address": "Schwabacher Str .79\n90439 Nürnberg\nDeutschland",
    "phone": "+49 911 613273",
    "fax": "+49 911 651364",
    "email": "apothekerschmitt@web.de",
    "web": "http://apothekerschmitt.de",
    "sources": [
        "http://apothekerschmitt.de/html/start2g.html",
        "https://github.com/datenanfragen/data/issues/415"
    ],
    "required-elements": [
        {
            "desc": "Name",
            "type": "name"
        },
        {
            "desc": "Adresse",
            "type": "address"
        }
    ]
}