{
    "slug": "appreciate-mobi",
    "relevant-countries": [
        "all"
    ],
    "categories": [
        "ads"
    ],
    "name": "Triapodi Ltd.",
    "runs": [
        "Appreciate"
    ],
    "address": "3 Hasadnaot Street\n4672830 Herzliya\nIsrael",
    "email": "privacy@triapodi.com",
    "web": "https://appreciate.mobi/",
    "sources": [
        "https://appreciate.mobi/page.html#/end-user-privacy-policy",
        "https://relationshipscience.com/organization/triapodi-ltd-1889252"
    ],
    "custom-access-template": "access-tracking",
    "suggested-transport-medium": "email"
}