{
    "slug": "are-inkasso",
    "categories": [
        "collection agency"
    ],
    "name": "ARE-Inkasso e.K.",
    "address": "Hauptstr. 98 A\n30826 Garbsen\nDeutschland",
    "phone": "+49 5131 467 64 98",
    "fax": "+49 5131 467 64 99",
    "email": "are-inkasso@email.de",
    "web": "http://www.are-inkasso.com",
    "sources": [
        "http://www.are-inkasso.com/impressum/datenschutz/",
        "http://www.are-inkasso.com/impressum/"
    ],
    "relevant-countries": [
        "de"
    ]
}