{
    "slug": "arvato-infoscore",
    "relevant-countries": [
        "de"
    ],
    "categories": [
        "collection agency"
    ],
    "name": "Arvato infoscore GmbH",
    "address": "Rheinstraße 99\n76532 Baden-Baden\nDeutschland",
    "phone": "+49 7221 50400",
    "email": "datenschutz@arvato-infoscore.de",
    "web": "https://finance.arvato.com",
    "sources": [
        "https://finance.arvato.com/de/impressum/",
        "https://github.com/datenanfragen/data/issues/276"
    ],
    "required-elements": [
        {
            "desc": "Name",
            "type": "name",
            "optional": false
        },
        {
            "desc": "Adresse",
            "type": "address",
            "optional": false
        }
    ]
}
