{
    "slug": "arvato-bertelsmann",
    "categories": [
        "collection agency"
    ],
    "name": "Bertelsmann SE & Co. KGaA",
    "address": "Carl-Bertelsmann-Straße 270\n33311 Gütersloh\nDeutschland",
    "phone": "+49 5241 527 6000",
    "fax": "+49 5241 527 6001",
    "email": "datenschutz@bertelsmann.de",
    "web": "https://finance.arvato.com",
    "sources": [
        "https://finance.arvato.com/de/ueber-arvato/impressum.html",
        "https://finance.arvato.com/de/ueber-arvato/datenschutz.html"
    ],
    "relevant-countries": [
        "de"
    ],
    "suggested-transport-medium": "email"
}