{
    "slug": "astrid-lindgren-schule-bs",
    "relevant-countries": [
        "de"
    ],
    "categories": [
        "school",
        "public body"
    ],
    "name": "Astrid-Lindgren-Schule Braunschweig",
    "address": "Tostmannplatz 9\n38108 Braunschweig\nDeutschland",
    "phone": "+49 531 23529 0",
    "fax": "+49 531 23529 32",
    "email": "als.datenschutz@alsbs.de",
    "web": "https://wordpress.nibis.de/alsbs/",
    "sources": [
        "https://wordpress.nibis.de/alsbs/impressum/"
    ],
    "request-language": "de"
}