{
    "slug": "audigent",
    "relevant-countries": [
        "all"
    ],
    "categories": [
        "ads"
    ],
    "name": "Predictive Pop Inc.",
    "runs": [
        "AuDigent"
    ],
    "address": "200 Varick St.\nSuite 514\nNew York\nNY 10014\nUnited States of America",
    "email": "privacy@audigent.com",
    "web": "https://audigent.com/",
    "sources": [
        "https://audigent.com/platform-privacy-policy"
    ],
    "custom-access-template": "access-tracking",
    "suggested-transport-medium": "email"
}