{
    "slug": "audiencerate",
    "relevant-countries": [
        "all"
    ],
    "categories": [
        "ads"
    ],
    "name": "Audiencerate Ltd",
    "address": "Winnington House 2\nWoodberry Grove\nNorth Finchley\nLondon\nN12 0DR\nUnited Kingdom",
    "email": "privacy@audiencerate.com",
    "web": "http://www.audiencerate.com/",
    "sources": [
        "http://www.audiencerate.com/privacy/"
    ],
    "custom-access-template": "access-tracking",
    "suggested-transport-medium": "email"
}