{
    "slug": "austrian-airlines",
    "relevant-countries": [
        "at",
        "de",
        "ch"
    ],
    "categories": [
        "travel"
    ],
    "name": "Austrian Airlines AG",
    "address": "Office Park 2\nPostbox 100\n1300 Wien-Flughafen\nÖsterreich",
    "web": "https://www.austrian.com",
    "sources": [
        "https://www.austrian.com/Info/LegalRegulations/dataprotection_overview.aspx?sc_lang=de&cc=DE",
        "https://www.austrian.com/Info/LegalRegulations/DataProtection.aspx?sc_lang=de&cc=DE",
        "https://www.austrian.com/Info/LegalRegulations/profilelegal_dataprotection.aspx?sc_lang=de&cc=DE",
        "https://github.com/datenanfragen/data/issues/255"
    ],
    "needs-id-document": true,
    "comments": [
        "Bietet auch ein Formular für Betroffenenrechte an: https://www.austrian.com/Info/LegalRegulations/dataprotection_contact_form.aspx?sc_lang=de&cc=DE "
    ]
}