{
    "slug": "az-direct",
    "categories": [
        "addresses"
    ],
    "name": "AZ Direct GmbH",
    "address": "Carl-Bertelsmann-Straße 161S\n33311 Gütersloh\nDeutschland",
    "phone": "+49 5241 80 75039",
    "fax": "+49 5241 80 66909",
    "email": "az.datenschutz@bertelsmann.de",
    "web": "http://www.az-direct.com",
    "sources": [
        "http://www.az-direct.com/site/datenschutz/",
        "http://www.az-direct.com/site/impressum/"
    ],
    "required-elements": [
        {
            "desc": "Name",
            "type": "name"
        },
        {
            "desc": "Adresse",
            "type": "address"
        }
    ],
    "relevant-countries": [
        "de"
    ],
    "suggested-transport-medium": "email"
}
