{
    "slug": "bafza",
    "relevant-countries": [
        "de"
    ],
    "categories": [
        "public body"
    ],
    "name": "Bundesamt für Familie und zivilgesellschaftliche Aufgaben",
    "address": "Von-Gablenz-Straße 2 – 6\n50679 Köln\nDeutschland",
    "phone": "+49 221 3673 4478",
    "fax": "+49 221 3673 4949",
    "email": "datenschutz@bafza.bund.de",
    "web": "https://www.bafza.de",
    "sources": [
        "https://www.bafza.de/toolbar/datenschutz.html",
        "https://www.bafza.de/toolbar/impressum.html"
    ],
    "request-language": "de",
    "suggested-transport-medium": "email"
}