{
    "slug": "bag-bund",
    "relevant-countries": [
        "de"
    ],
    "categories": [
        "public body"
    ],
    "name": "Bundesamt für Güterverkehr",
    "address": "Werderstraße 34\n50672 Köln\nDeutschland",
    "phone": "+49 221 5776 2700",
    "fax": "+49 221 5776 1777",
    "email": "datenschutz@bag.bund.de",
    "web": "https://www.bag.bund.de",
    "sources": [
        "https://www.bag.bund.de/DE/Service/Datenschutz/datenschutz_node.html",
        "https://www.bag.bund.de/SharedDocs/Downloads/DE/Sonstige/Datenschutz_BAG_nov18.pdf?__blob=publicationFile"
    ],
    "request-language": "de",
    "suggested-transport-medium": "email"
}