{
    "slug": "banst-pt",
    "relevant-countries": [
        "de"
    ],
    "categories": [
        "public body"
    ],
    "name": "Bundesanstalt für Post und Telekommunikation Deutsche Bundespost (BAnst PT)",
    "address": "Heinrich-Konen-Straße 1\n53227 Bonn\nDeutschland",
    "phone": "+49 228 9744 0",
    "fax": "+49 228 9744 870",
    "email": "datenschutz@banst-pt.de",
    "web": "https://www.banst-pt.de",
    "sources": [
        "https://www.banst-pt.de/datenschutz",
        "https://www.banst-pt.de/impressum/?S=0"
    ],
    "request-language": "de",
    "suggested-transport-medium": "email"
}