{
    "slug": "bbr-bund",
    "relevant-countries": [
        "de"
    ],
    "categories": [
        "public body"
    ],
    "name": "Bundesamt für Bauwesen und Raumordnung (BBR)",
    "address": "Deichmanns Aue 31 – 37\n53179 Bonn\nDeutschland",
    "phone": "+49 228 99401 2423",
    "email": "Datenschutz@bbr.bund.de",
    "web": "https://www.bbr.bund.de",
    "sources": [
        "https://www.bbr.bund.de/BBR/DE/Service/Datenschutz/datenschutz_node.html"
    ],
    "request-language": "de",
    "suggested-transport-medium": "email"
}