{
    "slug": "bbs5-bs",
    "relevant-countries": [
        "de"
    ],
    "categories": [
        "school",
        "public body"
    ],
    "name": "Berufsbildende Schule V der Stadt Braunschweig",
    "address": "Kastanienallee 71\n38102 Braunschweig\nDeutschland ",
    "phone": "+49 531 470 7950",
    "fax": "+49 531 470 7989",
    "email": "datenschutz@bbs5-bs.de",
    "web": "https://www.bbs5-bs.de/",
    "sources": [
        "http://www.bbs5bs.de/impressum/index.html"
    ],
    "request-language": "de",
    "suggested-transport-medium": "email"
}