{
    "slug": "beitragsservice",
    "categories": [
        "entertainment",
        "public body"
    ],
    "name": "ARD ZDF Deutschlandradio Beitragsservice",
    "address": "Freimersdorfer Weg 6\n50829 Köln\nDeutschland",
    "runs": [
        "Gebühreneinzugszentrale GEZ (ehem.)"
    ],
    "phone": "+49 221 5061 2632",
    "fax": "+49 221 5061 2507",
    "email": "datenschutz@beitragsservice.de",
    "web": "https://www.rundfunkbeitrag.de",
    "sources": [
        "https://www.rundfunkbeitrag.de/der_rundfunkbeitrag/beitragsservice/datenschutz/datenschutzbeauftragte/index_ger.html",
        "https://www.rundfunkbeitrag.de/impressum/index_ger.html"
    ],
    "comments": [
        "Faxnummer eigentlich +49 1806 999 555 01 (20 Cent/Anruf aus dem dt. Festnetz, 60 Cent/Anruf aus den dt. Mobilfunknetzen). Alternative Nummer übernommen von: https://www.0180.info/suche.html?s=0180699955501"
    ],
    "relevant-countries": [
        "de"
    ],
    "suggested-transport-medium": "email"
}