{
    "slug": "bernstein-bank",
    "relevant-countries": [
        "it",
        "de",
        "gb",
        "pl",
        "ru"
    ],
    "categories": [
        "finance"
    ],
    "name": "Bernstein Bank GmbH",
    "address": "Maximilianstr. 13\n80539 München\nGermany",
    "phone": "+49 89 2154 310 0",
    "fax": "+49 89 2154 310 99",
    "email": "privacy@bernstein-bank.com",
    "web": "https://www.bernstein-bank.com",
    "sources": [
        "https://www.bernstein-bank.com/service/#contact",
        "https://github.com/datenanfragen/data/issues/266"
    ],
    "suggested-transport-medium": "email"
}