{
    "slug": "bexley-gb",
    "relevant-countries": [
        "gb"
    ],
    "categories": [
        "public body"
    ],
    "name": "Bexley London Borough Council",
    "address": "2 Watling Street\nBexleyheath \nDA6 7AT\nUnited Kingdom",
    "phone": "+44 20 3045 4700",
    "email": "foi@bexley.gov.uk",
    "web": "https://www.bexley.gov.uk/",
    "sources": [
        "https://github.com/datenanfragen/data/issues/367",
        "https://www.bexley.gov.uk/services/complaints-and-Information-Requests/information-requests"
    ],
    "suggested-transport-medium": "email"
}