{
    "slug": "bfs-health-finance",
    "categories": [
        "credit agency"
    ],
    "name": "BFS health finance GmbH",
    "address": "Carl-Bertelsmann-Straße 270\n33311 Gütersloh\nDeutschland",
    "phone": "+49 800 447 32 54",
    "fax": "+49 231 945 362 888",
    "email": "datenschutz@meinebfs.de",
    "web": "https://meinebfs.de/",
    "sources": [
        "https://meinebfs.de/datenschutz/",
        "https://meinebfs.de/impressum/"
    ],
    "comments": [
        "Die BFS health finance GmbH selbst sitzt: Hülshof 24, 44369 Dortmund, Deutschland."
    ],
    "relevant-countries": [
        "de"
    ],
    "suggested-transport-medium": "email"
}