{
    "slug": "bfs-finance",
    "relevant-countries": [
        "de"
    ],
    "categories": [
        "collection agency",
        "credit agency",
        "finance"
    ],
    "name": "BFS finance GmbH",
    "address": "Gütersloher Straße 123\n33415 Verl\nDeutschland",
    "phone": "+49 5241 8043199",
    "fax": "+49 4905 2418043130",
    "email": "bfs.finance@bertelsmann.de",
    "web": "https://finance.arvato.com",
    "sources": [
        "https://finance.arvato.com/de/ueber-uns/impressum.html"
    ]
}