{
    "slug": "billbay",
    "categories": [
        "finance"
    ],
    "name": "BillPay GmbH",
    "address": "c/o HK2 Comtection GmbH\nHausvogteiplatz 11A\n10117 Berlin\nDeutschland",
    "phone": "+49 30 609 89 355 0",
    "fax": "+49 30 609 89 355 9",
    "email": "datenschutzbeauftragter@billpay.de",
    "web": "https://www.billpay.de",
    "sources": [
        "https://www.billpay.de/de/datenschutz-de/",
        "https://www.billpay.de/de/impressum/"
    ],
    "comments": [
        "Alternative E-Mail: datenschutz@billpay.de",
        "Die BillPay GmbH selbst sitzt: Zinnowitzer Straße 1, 10115 Berlin, Deutschland."
    ],
    "relevant-countries": [
        "de"
    ],
    "suggested-transport-medium": "email"
}