{
    "slug": "bitly",
    "relevant-countries": [
        "all"
    ],
    "name": "Bitly, Inc.",
    "address": "85 5th Avenue\nNew York\nNY 10003\nUnited States of America",
    "phone": "+1 646 678 5610",
    "email": "support@bitly.com",
    "web": "https://bitly.com/",
    "sources": [
        "https://bitly.com/pages/privacy",
        "https://www.bloomberg.com/profiles/companies/8167727Z:US-bitly-inc"
    ],
    "required-elements": [
        {
            "desc": "Name",
            "type": "name"
        },
        {
            "desc": "E-Mail",
            "type": "input"
        }
    ],
    "request-language": "en"
}
