{
    "slug": "blablacar",
    "categories": [
        "travel"
    ],
    "name": "Comuto SA",
    "runs": [
        "BlaBlaCar (www.blablacar.de)"
    ],
    "address": "84, avenue de la République\n75011 Paris\nFrance",
    "email": "dpo@blablacar.com",
    "web": "https://www.blablacar.de/",
    "sources": [
        "https://www.blablacar.de/ueber-uns/datenschutzerklaerung",
        "https://www.blablacar.de/ueber-uns/impressum",
        "https://www.blablacar.co.uk/about-us/privacy-policy"
    ],
    "relevant-countries": [
        "all"
    ],
    "suggested-transport-medium": "email"
}