{
    "slug": "bmi-bund",
    "relevant-countries": [
        "de"
    ],
    "categories": [
        "public body"
    ],
    "name": "Bundesministerium des Innern, für Bau und Heimat (BMI)",
    "runs": [
        "Behördennummer 115 (www.115.de)"
    ],
    "address": "Bundesallee 216 – 218\n10719 Berlin\nDeutschland",
    "phone": "+49 30 18 681 0",
    "fax": "+49 30 18 681 12926",
    "email": "bds@bmi.bund.de",
    "web": "https://www.bmi.bund.de",
    "sources": [
        "https://www.bmi.bund.de/DE/service/datenschutz/datenschutz_node.html"
    ],
    "request-language": "de",
    "suggested-transport-medium": "email"
}