{
    "slug": "bonprix",
    "categories": [
        "commerce"
    ],
    "name": "bonprix Handelsgesellschaft mbH",
    "address": "22179 Hamburg",
    "phone": "+49 40 6462 0",
    "fax": "+49 40 6462 37 00",
    "email": "datenschutz@bonprix.net",
    "web": "https://www.bonprix.de/",
    "sources": [
        "https://www.bonprix.de/service/datenschutz/",
        "https://www.bonprix.de/service/impressum/"
    ],
    "relevant-countries": [
        "de"
    ],
    "suggested-transport-medium": "email"
}