{
    "slug": "bracke-bs",
    "relevant-countries": [
        "de"
    ],
    "categories": [
        "school",
        "public body"
    ],
    "name": "Wilhelm-Bracke-Gesamtschule Braunschweig",
    "address": "Rheinring 12\n38120 Braunschweig\nDeutschland",
    "phone": "+49 531 470 4600",
    "fax": "+49 531 470 4610",
    "email": "datenschutz@bracke.eu",
    "web": "https://www.bracke.eu/",
    "sources": [
        "https://www.bracke.eu/pages/main_pages/Datenschutz.php"
    ],
    "request-language": "de",
    "suggested-transport-medium": "email"
}