{
    "slug": "branchenflat",
    "categories": [
        "addresses"
    ],
    "name": "B2B Adressenmarketing GmbH",
    "address": "Im Hollerfeld 12\n35325 Mücke\nDeutschland",
    "phone": "+49 180 15 0000 5",
    "fax": "+49 6401 9647238",
    "email": "ahlem.meddeb@b2badressenmarketing.de",
    "web": "http://branchenflat.de",
    "sources": [
        "http://branchenflat.de/de/datenschutz.html",
        "http://branchenflat.de/de/impressum.html"
    ],
    "relevant-countries": [
        "de"
    ]
}