{
    "slug": "bs-energy",
    "categories": [
        "utility"
    ],
    "name": "Braunschweiger Versorgungs-AG & Co. KG (BS|ENERGY)",
    "runs": [
        "BS|Service­partner24",
        "MEIN|PORTAL"
    ],
    "address": "Taubenstraße 7\n38106 Braunschweig\nDeutschland",
    "phone": "+49 531 383 2268",
    "fax": "+49 531 383 2644",
    "email": "datenschutz@bs-energy.de",
    "web": "https://www.bs-energy.de",
    "sources": [
        "https://www.bs-energy.de/rechtliches/datenschutz/",
        "https://www.bs-energy.de/rechtliches/impressum/"
    ],
    "relevant-countries": [
        "de"
    ],
    "suggested-transport-medium": "email"
}