{
    "slug": "bs-payone",
    "categories": [
        "finance"
    ],
    "name": "BS PAYONE GmbH",
    "runs": [
        "PAYONE (payone.com)"
    ],
    "address": "Lyoner Straße 9\n60528 Frankfurt\nDeutschland",
    "phone": "+49 69 6630 50",
    "fax": "+49 69 6630 5211",
    "email": "privacy@bspayone.com",
    "web": "https://www.bspayone.com/de/home",
    "sources": [
        "https://www.payone.com/datenschutz/",
        "https://www.payone.com/impressum/",
        "https://www.bspayone.com/de/imprint",
        "https://www.bspayone.com/de/privacy"
    ],
    "relevant-countries": [
        "de"
    ],
    "suggested-transport-medium": "email"
}