{
    "slug": "bsi-bund",
    "relevant-countries": [
        "de"
    ],
    "categories": [
        "public body"
    ],
    "name": "Bundesamt für Sicherheit in der Informationstechnik (BSI)",
    "address": "Godesberger Allee 185 – 189\n53175 Bonn\nDeutschland",
    "phone": "+49 228 99 9582 5775",
    "fax": "+49 228 9910 9582 0",
    "email": "datenschutzbeauftragte@bsi.bund.de",
    "web": "https://www.bsi.bund.de",
    "sources": [
        "https://www.bsi.bund.de/DE/Service/Datenschutz/datenschutz_node.html"
    ],
    "request-language": "de",
    "suggested-transport-medium": "email"
}