{
    "slug": "bsu-bund",
    "relevant-countries": [
        "de"
    ],
    "categories": [
        "public body"
    ],
    "name": "Bundesstelle für Seeunfalluntersuchung (BSU)",
    "address": "Bernhard-Nocht-Straße 78\n20359 Hamburg\nDeutschland",
    "phone": "+49 40 3190 8380",
    "fax": "+49 40 3190 8340",
    "email": "datenschutz-bsu@bsh.de",
    "web": "https://www.bsu-bund.de",
    "sources": [
        "https://www.bsu-bund.de/DE/Service/Datenschutz/datenschutz_node.html"
    ],
    "request-language": "de",
    "suggested-transport-medium": "email"
}