{
    "slug": "buendnis-grundeinkommen",
    "relevant-countries": [
        "de"
    ],
    "categories": [
        "political party"
    ],
    "name": "Bündnis Grundeinkommen (BGE) – Die Grundeinkommenspartei",
    "address": "St.-Cajetan-Straße 8\n81669 München\nDeutschland",
    "email": "info@buendnis-grundeinkommen.de",
    "web": "https://buendnis-grundeinkommen.de/",
    "sources": [
        "https://neu.buendnis-grundeinkommen.de/home/datenschutzerklaerung/",
        "https://neu.buendnis-grundeinkommen.de/home/impressum/"
    ]
}