{
    "slug": "buessing-schule-bs",
    "relevant-countries": [
        "de"
    ],
    "categories": [
        "school",
        "public body"
    ],
    "name": "Heinrich-Büssing-Schule Braunschweig",
    "address": "Salzdahlumer Straße 85\n38126 Braunschweig\nDeutschland",
    "phone": "+49 531 470 7700",
    "fax": "+49 531 470 7799",
    "email": "datenschutz@hbs-bs.de",
    "web": "https://buessing.schule",
    "sources": [
        "https://buessing.schule/datenschutzerklaerung",
        "https://buessing.schule/media/archive1/pdfs/2018-08-15-informationspflichten-schuelerdaten-hbs.pdf",
        "https://buessing.schule/de/?section=imprint"
    ],
    "request-language": "de",
    "suggested-transport-medium": "email"
}