{
    "slug": "bundesjustizamt",
    "relevant-countries": [
        "de"
    ],
    "categories": [
        "public body"
    ],
    "name": "Bundesamt für Justiz",
    "address": "Adenauerallee 99 – 103\n53113 Bonn\nDeutschland",
    "phone": "+49 228 99 410 5422",
    "fax": "+49 228 99 410 5050",
    "email": "datenschutzbeauftragter@bfj.bund.de",
    "web": "https://www.bundesjustizamt.de",
    "sources": [
        "https://www.bundesjustizamt.de/DE/Servicebereich/Datenschutzerklaerung/Datenschutzerklaerung_node.html"
    ],
    "required-elements": [
        {
            "desc": "Name",
            "type": "name",
            "optional": false
        },
        {
            "desc": "Geburtsdatum",
            "type": "birthdate",
            "optional": false
        },
        {
            "desc": "Adresse",
            "type": "address",
            "optional": false
        },
        {
            "desc": "Geburtsort",
            "type": "input"
        }
    ],
    "request-language": "de",
    "custom-access-template": "access-bundesjustizamt",
    "needs-id-document": true,
    "suggested-transport-medium": "email",
    "comments": [
        "Alternative Faxnummer: +49 228 99 410 4601",
        "Auf der Ausweiskopie müssen die folgenden Daten ersichtlich sein: Name, Vorname, Geburtsdatum, Geburtsort, Gültigkeitsdatum, Unterschrift, Anschrift\n\nAlle sonstigen Daten können und sollten geschwärzt werden."
    ]
}