{
    "slug": "bundesarchiv",
    "relevant-countries": [
        "de"
    ],
    "categories": [
        "public body"
    ],
    "name": "Bundesarchiv",
    "address": "56064 Koblenz\nDeutschland",
    "phone": "+49 261 505 0",
    "fax": "+49 261 505 226",
    "email": "dsb@bundesarchiv.de",
    "web": "https://www.bundesarchiv.de",
    "sources": [
        "https://www.bundesarchiv.de/DE/Navigation/Footer/Datenschutz/datenschutz.html",
        "https://www.bundesarchiv.de/DE/Navigation/Footer/Impressum/impressum.html"
    ],
    "request-language": "de",
    "suggested-transport-medium": "email"
}