{
    "slug": "campaign-services-de",
    "relevant-countries": [
        "de"
    ],
    "categories": [
        "ads"
    ],
    "name": "direct services Gütersloh GmbH",
    "address": "Business Unit Campaign\nAn der Autobahn 300\n33333 Gütersloh\nDeutschland",
    "phone": "+49 5241 8040685 ",
    "fax": "+49 5241 80640685 ",
    "email": "info@campaign-services.de",
    "web": "https://www.campaign-services.de/",
    "sources": [
        "https://www.campaign-services.de/datenschutz/"
    ]
}