{
    "slug": "catalina",
    "relevant-countries": [
        "all"
    ],
    "categories": [
        "ads"
    ],
    "name": "Catalina Marketing Corporation",
    "runs": [
        "Catalina Deutschland GmbH"
    ],
    "address": "200 Carillon Parkway\nSt. Petersburg\nFL 33716\nUnited States of America",
    "email": "DPO@catalina.com",
    "web": "https://www.catalina.com",
    "sources": [
        "https://www.catalina.com/contact/",
        "https://www.catalina.com/privacy-policy/"
    ],
    "custom-access-template": "access-tracking",
    "suggested-transport-medium": "email"
}