{
    "slug": "circuit-laundry",
    "relevant-countries": [
        "gb"
    ],
    "categories": [
        "utility"
    ],
    "name": "Circuit Launderette Services Limited",
    "address": "Meadowcroft Lane\nHalifax Lane\nRipponden\nWest Yorkshire\nHX6 4AJ\nUnited Kingdom",
    "email": "info@circuitcardtopup.com",
    "web": "https://www.circuit.co.uk",
    "sources": [
        "https://www.circuit.co.uk/privacy-and-cookies/",
        "https://beta.companieshouse.gov.uk/company/02944540",
        "https://github.com/datenanfragen/data/issues/164"
    ]
}