{
    "slug": "cloudflare",
    "relevant-countries": [
        "all"
    ],
    "categories": [
        "telecommunication"
    ],
    "name": "Cloudflare, Ltd.",
    "runs": [
        "Cloudflare, Inc.",
        "Cloudflare, Pte., Ltd."
    ],
    "address": "2nd Floor\n25 Lavington Street\nLondon\nSE1 0NZ\nUnited Kingdom",
    "phone": "+1 650 319 8930",
    "email": "sar@cloudflare.com",
    "web": "https://www.cloudflare.com/",
    "sources": [
        "https://www.cloudflare.com/privacypolicy/"
    ],
    "request-language": "en",
    "suggested-transport-medium": "email",
    "comments": [
        "Alternative email: privacyquestions@cloudflare.com"
    ]
}