{
    "slug": "coca-cola-fr",
    "relevant-countries": [
        "fr"
    ],
    "categories": [
        "commerce"
    ],
    "name": "NV Coca-Cola Services SA",
    "address": "9 chemin de Bretagne\n92130 Issy Les Moulineaux\nFrance",
    "phone": "+33 9 69 39 29 00",
    "email": "privacy@coca-cola.com",
    "web": "https://www.coca-cola-france.fr/",
    "sources": [
        "https://www.coca-cola-france.fr/politique-de-confidentialite",
        "https://github.com/datenanfragen/data/issues/557"
    ],
    "suggested-transport-medium": "email"
}
