{
    "slug": "coeo-inkasso",
    "categories": [
        "collection agency"
    ],
    "name": "coeo Inkasso GmbH",
    "address": "Kieler Straße 16\n41540 Dormagen\nDeutschland",
    "phone": "+49 2133 2463 0",
    "fax": "+49 2133 2463 18",
    "email": "datenschutz@coeo-inkasso.de",
    "web": "http://www.coeo-inkasso.de",
    "sources": [
        "http://www.coeo-inkasso.de/de/datenschutz-2.html",
        "http://www.coeo-inkasso.de/de/impressum.html"
    ],
    "relevant-countries": [
        "de"
    ],
    "suggested-transport-medium": "email"
}