{
    "slug": "comdirect",
    "categories": [
        "finance"
    ],
    "name": "comdirect bank AG",
    "address": "Pascalkehre 15\n25451 Quickborn\nDeutschland",
    "phone": "+49 4106 708 2500",
    "fax": "+49 4106 708 2230",
    "email": "datenschutz@comdirect.de",
    "web": "https://www.comdirect.de",
    "sources": [
        "https://www.comdirect.de/cms/hilfe-service-sicherheit-datenschutz.html"
    ],
    "required-elements": [
        {
            "desc": "Name",
            "type": "name"
        },
        {
            "desc": "Geburtsdatum",
            "type": "birthdate"
        },
        {
            "desc": "Adresse",
            "type": "address"
        }
    ],
    "relevant-countries": [
        "de"
    ],
    "suggested-transport-medium": "email"
}