{
    "slug": "cosmosdirekt",
    "categories": [
        "insurance"
    ],
    "name": "CosmosDirekt",
    "runs": [
        "Cosmos Lebensversicherungs-AG",
        "Cosmos Versicherung AG",
        "Cosmos Finanzservice GmbH"
    ],
    "address": "66101 Saarbrücken\nDeutschland",
    "phone": "+49 681 9 66 66 66",
    "fax": "+49 681 9 66 66 33",
    "email": "datenschutz@cosmosdirekt.de",
    "web": "https://www.cosmosdirekt.de/",
    "sources": [
        "https://www.cosmosdirekt.de/datenschutz/",
        "https://www.cosmosdirekt.de/impressum/"
    ],
    "required-elements": [
        {
            "desc": "Name",
            "type": "name"
        },
        {
            "desc": "Geburtsdatum",
            "type": "birthdate"
        },
        {
            "desc": "Adresse",
            "type": "address"
        }
    ],
    "relevant-countries": [
        "de"
    ],
    "suggested-transport-medium": "email"
}