{
    "slug": "cpx-onlineactive",
    "relevant-countries": [
        "all"
    ],
    "categories": [
        "ads"
    ],
    "name": "cpx online active AG",
    "address": "Ortsgemeindstrasse 5\n9444 Diepoldsau\nSwitzerland",
    "phone": "+41 71 588 07 52",
    "email": "datenschutz@cpx-onlineactive.com",
    "web": "http://cpx-onlineactive.com",
    "sources": [
        "http://cpx-onlineactive.com/privacy-policy",
        "https://github.com/datenanfragen/data/issues/541",
        "http://cpx-onlineactive.com/imprint"
    ],
    "suggested-transport-medium": "email"
}
