{
    "slug": "creditreform-boniversum",
    "categories": [
        "credit agency"
    ],
    "name": "Creditreform Boniversum GmbH",
    "address": "Hellersbergstraße 11\n41460 Neuss\nDeutschland",
    "phone": "+49 2131 36845 560",
    "fax": "+49 2131 36845 570",
    "email": "selbstauskunft@boniversum.de",
    "web": "https://www.boniversum.de",
    "sources": [
        "https://www.boniversum.de/selbstauskunft/",
        "https://www.boniversum.de/datenschutzerklaerung/",
        "https://www.boniversum.de/impressum/"
    ],
    "required-elements": [
        {
            "desc": "Name",
            "type": "name"
        },
        {
            "desc": "Adresse",
            "type": "address"
        },
        {
            "desc": "Geburtsdatum",
            "type": "birthdate"
        }
    ],
    "relevant-countries": [
        "de"
    ],
    "suggested-transport-medium": "email"
}
