{
    "slug": "crif-at",
    "relevant-countries": [
        "at"
    ],
    "categories": [
        "credit agency",
        "finance",
        "ads"
    ],
    "name": "CRIF GmbH",
    "address": "Diefenbachgasse 35\n1150 Wien\nÖsterreich",
    "phone": "+43 01 89742440",
    "fax": "+43 1 897424431",
    "email": "datenschutzbeauftragter@crif.com",
    "web": "https://www.crif.at/",
    "sources": [
        "https://github.com/datenanfragen/data/issues/119",
        "https://www.crif.at/datenschutzerklaerung/",
        "https://www.crif.at/impressum/",
        "https://www.crif.at/konsumenten/informationen-zur-dsgvo/",
        "https://www.crif.at/datenschutzerklaerung-marketingdaten/",
        "https://www.crif.at/datenschutzerklaerung-erhebung-oeffentliche-quellen/",
        "https://github.com/datenanfragen/data/issues/153"
    ],
    "suggested-transport-medium": "email"
}
