{
    "slug": "crifbuergel",
    "categories": [
        "credit agency",
        "addresses"
    ],
    "name": "CRIF Bürgel GmbH",
    "address": "Kaiserstraße 217\n76133 Karlsruhe\nDeutschland",
    "phone": "+49 40 89803 0",
    "fax": "+49 721 151 16 86",
    "email": "datenschutz.de@crif.com",
    "web": "https://www.crifbuergel.de",
    "sources": [
        "https://www.crifbuergel.de/de/kontakt/selbstauskunft"
    ],
    "required-elements": [
        {
            "desc": "Name",
            "type": "name"
        },
        {
            "desc": "Adresse",
            "type": "address"
        }
    ],
    "comments": [
        "Entgegen der Angabe auf der CRIF Bürgel-Webseite sollte eine Personalausweiskopie – wenn überhaupt – nur auf explizite Nachfrage verschickt werden und nicht direkt mit dem ersten Schreiben."
    ],
    "relevant-countries": [
        "de"
    ],
    "suggested-transport-medium": "email"
}
