{
    "slug": "dannemann-com",
    "relevant-countries": [
        "all"
    ],
    "name": "DANNEMANN EL NOBLE CIGARRO GmbH",
    "runs": [
        "AC Partyconnection",
        "Kreis der Genießer",
        "DANNEMANN Lounge",
        "Moods Botschafter"
    ],
    "address": "Rahdener Straße 147\n32312 Lübbecke\nDeutschland",
    "phone": "+49 5741 3260",
    "email": "datenschutz@dannemann.com",
    "web": "https://www.dannemann.com",
    "sources": [
        "https://github.com/datenanfragen/data/issues/405",
        "https://www.dannemann.com/de/imprint-privacy",
        "https://www.ac-partyconnection.com/datenschutz",
        "https://www.kreis-der-geniesser.com/datenschutz",
        "https://www.dannemann-lounge.com/impressum.html",
        "https://botschafter.moods.de/datenschutz"
    ],
    "required-elements": [
        {
            "desc": "Name",
            "type": "name"
        },
        {
            "desc": "Address",
            "type": "address"
        },
        {
            "desc": "Email",
            "type": "input"
        }
    ],
    "suggested-transport-medium": "email"
}