{
    "slug": "datacamp",
    "relevant-countries": [
        "all"
    ],
    "categories": [
        "entertainment"
    ],
    "name": "DataCamp Belgium BVBA",
    "runs": [
        "DataCamp, Inc."
    ],
    "address": "Martelarenlaan 38\n3010 Kessel-Lo\nBelgium",
    "email": "support@datacamp.com",
    "web": "https://www.datacamp.com",
    "sources": [
        "https://www.datacamp.com/privacy-policy",
        "https://www.datacamp.com/terms-of-use",
        "https://www.datacamp.com/contact-us"
    ],
    "request-language": "en",
    "comments": [
        "Privacy contact form: https://www.datacamp.com/privacy-policy/feedback_and_issues",
        "Address of DataCamp, Inc.: 350 Fifth Avenue, Suite # 7730, New York, NY 10118, United States of America"
    ]
}