{
    "slug": "debeka",
    "categories": [
        "insurance"
    ],
    "name": "Debeka-Gruppe",
    "runs": [
        "Debeka Krankenversicherungsverein a. G.",
        "Debeka Lebensversicherungsverein a. G.",
        "Debeka Allgemeine Versicherung AG",
        "Debeka Pensionskasse AG",
        "Debeka Bausparkasse AG",
        "Debeka Unterstützungskasse e. V."
    ],
    "address": "56058 Koblenz\nDeutschland",
    "phone": "+49 261 4 98 46 64 ",
    "fax": "+49 261 4 98 55 55",
    "email": "datenschutzbeauftragter@debeka.de",
    "web": "https://www.debeka.de",
    "sources": [
        "https://www.debeka.de/datenschutz/index.html",
        "https://www.debeka.de/anbieter.html"
    ],
    "relevant-countries": [
        "de"
    ],
    "suggested-transport-medium": "email"
}