{
    "slug": "deliveroo-de",
    "relevant-countries": [
        "de"
    ],
    "categories": [
        "commerce"
    ],
    "name": "Deliveroo Germany GmbH",
    "runs": [
        "Roofoods Limited"
    ],
    "address": "Unter den Linden 26 – 30\n10117 Berlin\nDeutschland",
    "email": "dpo@deliveroo.com",
    "web": "https://deliveroo.de",
    "sources": [
        "https://deliveroo.de/en/privacy"
    ],
    "required-elements": [
        {
            "desc": "Name",
            "type": "name"
        },
        {
            "desc": "E-Mail-Adresse",
            "type": "input"
        }
    ],
    "suggested-transport-medium": "email"
}
