{
    "slug": "deurema-inkasso",
    "categories": [
        "collection agency"
    ],
    "name": "DEUREMA Deutsche Rechnungsmanagement GmbH",
    "address": "Ludwig-Erhard-Straße 4\n84034 Landshut\nDeutschland ",
    "phone": "+49 871 92318 10",
    "fax": "+49 871 92318 90",
    "email": "datenschutz@deurema.de",
    "web": "https://www.deurema.de",
    "sources": [
        "https://www.deurema.de/impressum-dl-infov.html"
    ],
    "required-elements": [
        {
            "desc": "Name",
            "type": "name"
        },
        {
            "desc": "Adresse",
            "type": "address"
        }
    ],
    "relevant-countries": [
        "de"
    ],
    "suggested-transport-medium": "email"
}
