{
    "slug": "deutsche-bank-privat-geschaeftskunden",
    "categories": [
        "finance"
    ],
    "name": "Deutsche Bank Privat- und Geschäftskunden AG",
    "address": "Theodor-Heuss-Allee 72\n60486 Frankfurt am Main\nDeutschland",
    "phone": "+49 69 910 10000",
    "fax": "+49 69 910 10001",
    "email": "datenschutz.db@db.com",
    "web": "https://www.deutsche-bank.de",
    "sources": [
        "https://www.deutsche-bank.de/pfb/content/pk-datenschutz.html",
        "https://www.deutsche-bank.de/pfb/content/pk-rechtliche-hinweise.html?pfb_toggle=34735-34741",
        "https://www.deutsche-bank.de/pfb/data/docs/ser-DB_EU-Datenschutzhinweise_PGK.pdf"
    ],
    "relevant-countries": [
        "de"
    ],
    "suggested-transport-medium": "email"
}