{
    "slug": "deutsche-muellerschule-bs",
    "relevant-countries": [
        "de"
    ],
    "categories": [
        "school",
        "public body"
    ],
    "name": "Deutsche Müllerschule Braunschweig",
    "address": "Salzdahlumer Straße 85\n38126 Braunschweig\nDeutschland",
    "phone": "+49 531 470 7700",
    "fax": "+49 531 470 7896",
    "email": "canders@hbs-bs.de",
    "web": "https://www.deutsche-muellerschule-bs.de/",
    "sources": [
        "https://www.deutsche-muellerschule-bs.de/footer-navigation-3/datenschutz/",
        "https://www.deutsche-muellerschule-bs.de/footer-navigation-3/impressum/"
    ],
    "request-language": "de"
}