{
    "slug": "deutschlandradio",
    "relevant-countries": [
        "de"
    ],
    "categories": [
        "entertainment"
    ],
    "name": "Deutschlandradio",
    "runs": [
        "Deutschlandfunk (www.deutschlandfunk.de)",
        "Deutschlandfunk Kultur (www.deutschlandfunkkultur.de)",
        "Deutschlandfunk Nova (www.deutschlandfunknova.de)",
        "Dlf24"
    ],
    "address": "Raderberggürtel 40\n50968 Köln\nDeutschland",
    "phone": "+49 221 345 3501",
    "fax": "+49 221 345 4801",
    "email": "datenschutzbeauftragter@deutschlandradio.de",
    "web": "https://www.deutschlandradio.de/",
    "sources": [
        "https://www.deutschlandradio.de/datenschutzerklaerung.1828.de.html",
        "https://www.deutschlandfunk.de/datenschutzerklaerung.3553.de.html",
        "https://www.deutschlandfunkkultur.de/datenschutzerklaerung.3513.de.html",
        "https://www.deutschlandfunknova.de/info/datenschutz",
        "http://www.ard.de/kinder/Datenschutz/3436692/index.html"
    ],
    "suggested-transport-medium": "email"
}