{
    "slug": "dfb",
    "relevant-countries": [
        "de"
    ],
    "categories": [
        "entertainment"
    ],
    "name": "DFB GmbH",
    "runs": [
        "dfb.de",
        "united-by-football.de",
        "DFB Fan Club App",
        "DFB App",
        "DFB Pokal App",
        "Schiri-Duell App",
        "dfb.edubreak.de",
        "FUSSBALL.DE"
    ],
    "address": "Otto-Fleck-Schneise 6\n60528 Frankfurt\nDeutschland",
    "phone": "+49 69 67880",
    "fax": "+49 69 6788266",
    "email": "datenschutz@dfb.de",
    "web": "https://www.dfb.de",
    "sources": [
        "https://www.dfb.de/datenschutzerklaerung/",
        "http://www.fussball.de/privacy"
    ],
    "required-elements": [
        {
            "desc": "Name",
            "type": "name",
            "optional": false
        },
        {
            "desc": "E-Mail-Adresse",
            "type": "input",
            "optional": false
        },
        {
            "desc": "Mitgliedsnummer Fanclub",
            "type": "input",
            "optional": true
        }
    ],
    "request-language": "de",
    "needs-id-document": false,
    "suggested-transport-medium": "email",
    "comments": [
        "In manchen Fällen wird neben der E-Mail-Adresse auch die Wohnadresse verarbeitet, in diesem Fall ist es empfohlen diese mit anzugeben.\nDie Mitgliedsnummer für den DFB Fanclub ist nur anzugeben, wenn sie vorhanden ist."
    ]
}