{
    "slug": "die-grauen",
    "relevant-countries": [
        "de"
    ],
    "categories": [
        "political party"
    ],
    "name": "Die Grauen – Für alle Generationen",
    "address": "Postfach 26 01 74\n13411 Berlin\nDeutschland",
    "phone": "+49 30 41472040",
    "fax": "+49 30 41472041",
    "email": "webmaster@diegrauen-partei.de",
    "web": "https://diegrauen-partei.de/",
    "sources": [
        "https://diegrauen-partei.de/datenschutzerklaerung/",
        "https://diegrauen-partei.de/impressum/"
    ]
}