{
    "slug": "digitrust",
    "relevant-countries": [
        "all"
    ],
    "categories": [
        "ads"
    ],
    "name": "DigiTrust",
    "address": "c/o IAB Technology Laboratory, Inc.\n116 East 27th Street\n7th Floor\nNew York\nNew York 10016\nUnited States of America",
    "email": "privacy@digitru.st",
    "web": "https://www.digitru.st/",
    "sources": [
        "https://www.digitru.st/privacy-policy/"
    ],
    "custom-access-template": "access-tracking",
    "suggested-transport-medium": "email"
}