{
    "slug": "digitize-ie",
    "relevant-countries": [
        "all"
    ],
    "categories": [
        "ads"
    ],
    "name": "Digitize New Media Ltd.",
    "address": "15 Windsor Place\nDublin 2\nIreland",
    "phone": "+353 1 662 2380",
    "fax": "+353 1 686 5552",
    "email": "info@digitize.ie",
    "web": "https://www.digitize.ie/",
    "sources": [
        "https://www.digitize.ie/online-privacy/",
        "https://www.digitize.ie/#contact"
    ],
    "request-language": "en",
    "custom-access-template": "access-tracking"
}