{
    "slug": "dihk-de",
    "relevant-countries": [
        "de"
    ],
    "name": "DIHK Deutscher Industrie- und Handelskammertag e.V.",
    "address": "Breite Straße 29\n10178 Berlin\nDeutschland",
    "phone": "+49 30 203080",
    "email": "info@dihk.de",
    "web": "https://www.dihk.de",
    "sources": [
        "https://www.dihk.de/wir-ueber-uns/datenschutz",
        "https://www.ihk.de/datenschutz",
        "https://www.ihk.de/impressum"
    ],
    "required-elements": [
        {
            "desc": "Name",
            "type": "name"
        },
        {
            "desc": "Adresse",
            "type": "address"
        }
    ]
}