{
    "slug": "discord",
    "relevant-countries": [
        "all"
    ],
    "categories": [
        "social media"
    ],
    "name": "Discord, Inc.",
    "address": "1901 South Bascom Avenue\nSuite 1180\nCampbell\nCA 95008\nUnited States of America",
    "email": "privacy@discordapp.com",
    "web": "https://discordapp.com",
    "sources": [
        "https://discordapp.com/privacy",
        "https://www.bloomberg.com/research/stocks/private/snapshot.asp?privcapId=243221325"
    ],
    "request-language": "en",
    "suggested-transport-medium": "email"
}