{
    "slug": "disqus",
    "relevant-countries": [
        "all"
    ],
    "categories": [
        "social media"
    ],
    "name": "Disqus, Inc.",
    "address": "717 Market Street\nSuite 700\nSan Francisco\nCA 94103\nUnited States of America",
    "phone": "+1 415 738 8848",
    "email": "privacy@disqus.com",
    "web": "https://disqus.com/",
    "sources": [
        "https://help.disqus.com/terms-and-policies/disqus-privacy-policy",
        "https://www.bloomberg.com/research/stocks/private/snapshot.asp?privcapId=42625391"
    ],
    "required-elements": [
        {
            "desc": "Name",
            "type": "name"
        },
        {
            "desc": "E-Mail",
            "type": "input"
        }
    ],
    "request-language": "en",
    "suggested-transport-medium": "email"
}
