{
    "slug": "dlc-gb",
    "relevant-countries": [
        "gb"
    ],
    "categories": [
        "collection agency"
    ],
    "name": "Hillesden Securities Ltd.",
    "runs": [
        "dlc credit agency",
        "Cabot Credit Management Group Ltd."
    ],
    "address": "Buckingham Road\nBrackley\nNorthants\nNN13 7DN\nUnited Kingdom",
    "phone": "+44 20 7896 6300",
    "email": "data.protection@dlcuk.com",
    "web": "http://www.dlcuk.com/",
    "sources": [
        "http://www.dlcuk.com/privacy-policy/",
        "https://www.mydlc.co.uk/contact",
        "https://github.com/datenanfragen/data/issues/166"
    ],
    "suggested-transport-medium": "email"
}