{
    "slug": "donuts-domains",
    "relevant-countries": [
        "all"
    ],
    "categories": [
        "telecommunication"
    ],
    "name": "Donuts Inc.",
    "runs": [
        "Name.com, Inc.",
        "Name.net, Inc.",
        "Name104, Inc.",
        "Name105, Inc.",
        "Name106, Inc.",
        "Name107, Inc.",
        "Name108, Inc.",
        "Name109, Inc.",
        "Name110, Inc.",
        "Name111, Inc.",
        "Name112, Inc.",
        "Name113, Inc.",
        "Name114, Inc.",
        "Name115, Inc.",
        "Name116, Inc.",
        "Name117, Inc.",
        "Name118, Inc.",
        "Name119, Inc.",
        "Name120, Inc.",
        "Name121, Inc.",
        "Name122, Inc.",
        "Name123, Inc.",
        "Name124, Inc.",
        "Domain Protection Services, Inc.",
        "DomainSite, Inc.",
        "Rightside Group Ltd.",
        "Rightside Operating Co.",
        "Secure Business Services, Inc",
        "Sipence, Incorporate",
        "Vedacore.com, Inc.",
        "Whois Privacy Protection Services, Inc.",
        "Bejing United TLD Tech Co., Ltd",
        "DMIH Ltd.",
        "Rightside Australia  Pty Ltd",
        "Rightside Canada, Inc.",
        "Rightside Domains Europe Ltd.",
        "United TLD Holdco Ltd."
    ],
    "address": "Suite 106\nThe Victorians\n15–18 Earlsfort Terrace\nDublin 2, County Dublin\nIreland",
    "email": "privacy@donuts.email",
    "web": "https://donuts.domains/",
    "sources": [
        "https://www.name.com/privacy-policy",
        "https://donuts.domains/about/policies/privacy-policy/",
        "https://donuts.domains/wp-content/uploads/2017/10/Rightside-Group-PRIVACY_POLICY.pdf"
    ],
    "request-language": "en",
    "suggested-transport-medium": "email"
}