{
    "slug": "dorothyperkins",
    "relevant-countries": [
        "all"
    ],
    "categories": [
        "commerce"
    ],
    "name": "Dorothy Perkins Trading Ltd.",
    "address": "Burton Business Park\nTorre Road\nLeeds LS9 7DN\nUnited Kingdom",
    "email": "customer.service@dorothyperkins.com",
    "web": "https://euro.dorothyperkins.com",
    "sources": [
        "https://euro.dorothyperkins.com/en/dpeu/category/privacy-cookies-6133336/home?TS=1480589807032&cat2=3436615",
        "https://euro.dorothyperkins.com/webapp/wcs/stores/servlet/CatalogNavigationSearchResultCmd?catalogId=34070&storeId=13064&langId=-1&viewAllFlag=false&categoryId=366062&interstitial=true&TS=1317378897624"
    ]
}