{
    "slug": "dpd",
    "categories": [
        "commerce"
    ],
    "name": "DPD Deutschland GmbH",
    "address": "Wailandtstraße 1\n63741 Aschaffenburg\nDeutschland",
    "phone": "+49 6021 843 0",
    "fax": "+49 6021 843 290",
    "email": "datenschutz@dpd.com",
    "web": "https://www.dpd.com",
    "sources": [
        "https://www.dpd.com/de/siteutilities/data_protection",
        "https://www.dpd.com/de/siteutilities/legal_and_copyright_notice_disclaimer",
        "https://web2.cylex.de/firma-home/betriebsgesellschaft-dpd-gmbh-10015823.html"
    ],
    "relevant-countries": [
        "de"
    ],
    "suggested-transport-medium": "email"
}