{
    "slug": "dpv-deutscher-pressevertrieb",
    "relevant-countries": [
        "de"
    ],
    "categories": [
        "entertainment"
    ],
    "name": "DPV Deutscher Pressevertrieb GmbH",
    "runs": [
        "Gruner + Jahr GmbH"
    ],
    "address": "c/o Gruner + Jahr GmbH\n20080 Hamburg\nDeutschland",
    "phone": "+49 40 55557809",
    "email": "datenschutz@dpv.de",
    "web": "https://www.dpv.de/",
    "sources": [
        "https://serviceportal.dpv.de/datenschutz",
        "https://github.com/datenanfragen/data/issues/352"
    ],
    "required-elements": [
        {
            "desc": "Name",
            "type": "name"
        },
        {
            "desc": "Abo-Nr.",
            "type": "input"
        }
    ],
    "suggested-transport-medium": "email"
}