{
    "slug": "drillisch",
    "categories": [
        "telecommunication"
    ],
    "name": "Drillisch Online AG",
    "runs": [
        "BILDconnect (www.bildconnect.de)",
        "smartmobil (www.smartmobil.de)",
        "yourfone (www.yourfone.de)",
        "DeutschlandSIM (www.deutschlandsim.de)",
        "winSIM (www.winsim.de)",
        "maXXim (www.maxxim.de)",
        "helloMobil (www.hellomobil.de)",
        "discoTEL (www.discotel.de)",
        "discoPLUS (www.discoplus.de)",
        "discoSURF (www.discosurf.de)",
        "simply (www.simplytel.de)",
        "eteleon (www.eteleon.de)",
        "sim.de (www.sim.de)",
        "PremiumSIM (www.premiumsim.de)",
        "M2M-mobil (www.m2m-mobil.de)",
        "PHONEX (www.phonex.de)",
        "McSIM (www.mcsim.de)",
        "BigSIM (www.bigsim.de)",
        "SimDiscount.de (www.simdiscount.de)"
    ],
    "address": "Wilhelm-Röntgen-Straße 1 – 5\n63477 Maintal\nDeutschland",
    "phone": "+49 6181 7074 070",
    "fax": "+49 6181 7074 063",
    "email": "kontakt@drillisch-online.de",
    "web": "https://www.drillisch-online.de",
    "sources": [
        "https://www.drillisch-online.de/datenschutz",
        "https://www.drillisch-online.de/impressum",
        "https://www.bildconnect.de/datenschutz",
        "https://www.smartmobil.de/datenschutz",
        "https://www.yourfone.de/datenschutz",
        "https://www.deutschlandsim.de/info/data_security",
        "https://www.winsim.de/info/data_security",
        "https://www.maxxim.de/datenschutz",
        "https://www.hellomobil.de/datenschutz",
        "https://www.discotel.de/info/data_security",
        "https://www.discoplus.de/info/data_security",
        "https://www.discosurf.de/info/data_security",
        "https://www.simplytel.de/datenschutz",
        "https://www.eteleon.de/infos/data_security",
        "https://www.sim.de/data_security",
        "https://www.premiumsim.de/info/data_security",
        "https://www.m2m-mobil.de/datenschutz-m2m-datensimkarte-sicherheit",
        "https://www.phonex.de/datenschutz",
        "https://www.mcsim.de/datenschutz",
        "https://www.bigsim.de/datenschutz",
        "https://www.simdiscount.de/datenschutz.html"
    ],
    "relevant-countries": [
        "de"
    ]
}
