{
    "slug": "droplr",
    "relevant-countries": [
        "all"
    ],
    "categories": [
        "social media"
    ],
    "name": "Droplr, Inc.",
    "address": "1001 SW Emkay Drive\nSuite 140\nBend\nOR 97702\nUnited States of America",
    "phone": "+1 949 637 0355",
    "email": "legal@droplr.com",
    "web": "https://droplr.com/",
    "sources": [
        "https://droplr.com/privacy/",
        "https://droplr.com/terms/",
        "https://www.bloomberg.com/research/stocks/private/snapshot.asp?privcapid=240976823"
    ],
    "request-language": "en"
}