{
    "slug": "druckerzubehoer-de",
    "categories": [
        "commerce"
    ],
    "name": "Internetmarketing Bielefeld GmbH",
    "runs": [
        "Druckerzubehör-Online-Shop www.druckerzubehoer.de"
    ],
    "address": "Am Lenkwerk 3\n33609 Bielefeld\nDeutschland",
    "phone": "+49 800 2270000",
    "fax": "+49 800 2280000",
    "email": "datenschutzbeauftragter@druckerzubehoer.de",
    "web": "https://www.druckerzubehoer.de/",
    "sources": [
        "https://www.druckerzubehoer.de/shop/datenschutz.phtml?lng=de_DE",
        "https://www.druckerzubehoer.de/shop/impressum.phtml?lng=de_DE"
    ],
    "comments": [
        "Laut Impressum verantwortlich für Kundenservice und Versand: Triple A Marketing GmbH an gleicher Adresse und mit gleichen Kontaktdaten."
    ],
    "relevant-countries": [
        "de"
    ],
    "suggested-transport-medium": "email"
}