{
    "slug": "dwd-de",
    "relevant-countries": [
        "de"
    ],
    "categories": [
        "public body"
    ],
    "name": "Deutscher Wetterdienst",
    "address": "Frankfurter Straße 135\n63067 Offenbach\nDeutschland",
    "phone": "+49 69 8062 0",
    "fax": "+49 69 8062 4484",
    "email": "datenschutz@dwd.de",
    "web": "https://www.dwd.de",
    "sources": [
        "https://www.dwd.de/DE/service/datenschutz/datenschutz_node.html"
    ],
    "suggested-transport-medium": "email"
}