{
    "slug": "e-tec-at",
    "relevant-countries": [
        "at"
    ],
    "categories": [
        "commerce"
    ],
    "name": "e-tec electronic GmbH",
    "address": "Atterseestrasse 121\n4850 Timelkam\nÖsterreich",
    "phone": "+43 7672 958800",
    "fax": "+43 7672 9588020",
    "email": "ccc@e-tec.at",
    "web": "https://www.e-tec.at/",
    "sources": [
        "https://www.e-tec.at/page.php?page=etec_impressum",
        "https://github.com/datenanfragen/data/issues/403",
        "https://www.e-tec.at/page.php?page=etec_datenschutz"
    ]
}