{
    "slug": "edarling",
    "name": "Spark Networks Services GmbH",
    "runs": [
        "Affinitas GmbH (ehem.)",
        "Online-Partnervermittlung eDarling (www.edarling.de)",
        "eDarling App"
    ],
    "address": "Kohlfurter Straße 41/43\n10999 Berlin\nDeutschland",
    "fax": "+49 30 22 386 739",
    "email": "security@edarling.de",
    "web": "https://www.edarling.de/",
    "sources": [
        "https://www.edarling.de/datenschutz",
        "https://www.edarling.de/impressum"
    ],
    "relevant-countries": [
        "de"
    ]
}