{
    "slug": "egentic",
    "relevant-countries": [
        "de"
    ],
    "categories": [
        "addresses"
    ],
    "name": "eGENTIC GmbH",
    "address": "Am Unisys-Park 1\n65843 Sulzbach/Ts\nDeutschland",
    "fax": "+49 6151 9503 201",
    "email": "datenschutz@egentic.com",
    "web": "https://www.egentic.com",
    "sources": [
        "https://www.egentic.com/data-protection/",
        "https://www.egentic.com/imprint-2/",
        "https://github.com/datenanfragen/data/issues/52"
    ],
    "required-elements": [
        {
            "desc": "Name",
            "type": "name"
        },
        {
            "desc": "Adresse",
            "type": "address"
        }
    ],
    "comments": [
        "Antwort kommt regelmäßig von Talk2 GmbH mit Sitz Rheinstraße 22, 64283 Darmstadt, Deutschland im Auftrag der eGENTIC GmbH."
    ],
    "suggested-transport-medium": "email"
}
