{
    "slug": "en-marche",
    "relevant-countries": [
        "fr"
    ],
    "categories": [
        "political party"
    ],
    "name": "LAREM",
    "runs": [
        "LA REPUBLIQUE EN MARCHE"
    ],
    "address": "63, rue Sainte-Anne\n75002 Paris\nFrance",
    "email": "dpo@en-marche.fr",
    "web": "https://en-marche.fr/",
    "sources": [
        "https://github.com/datenanfragen/data/issues/509",
        "https://en-marche.fr/politique-protection-donnees"
    ],
    "suggested-transport-medium": "email"
}