{
    "slug": "eos-solutions",
    "categories": [
        "credit agency",
        "addresses"
    ],
    "name": "EOS Holding GmbH",
    "address": "Steindamm 71\n20099 Hamburg\nDeutschland",
    "phone": "+49 40 2532 8657",
    "fax": "+49 40 2532 8658",
    "email": "datenschutz@eos-solutions.com",
    "web": "https://www.eos-solutions.com",
    "sources": [
        "https://www.eos-solutions.com/de/datenschutz/",
        "https://www.eos-solutions.com/de/impressum/"
    ],
    "required-elements": [
        {
            "desc": "Name",
            "type": "name"
        },
        {
            "desc": "Adresse",
            "type": "address"
        }
    ],
    "relevant-countries": [
        "de"
    ],
    "suggested-transport-medium": "email"
}
