{
    "slug": "epicgames",
    "relevant-countries": [
        "all"
    ],
    "categories": [
        "ads",
        "commerce",
        "entertainment"
    ],
    "name": "Epic Games International S.à r.l.",
    "runs": [
        "Fortnite",
        "Epic Games, Inc."
    ],
    "address": "Atrium Business Park\n33 rue du Puits Romain\nL-8070 Bertrange\nLuxembourg",
    "email": "dpo@epicgames.com",
    "web": "https://www.epicgames.com",
    "sources": [
        "https://www.epicgames.com/site/en-US/privacypolicy"
    ],
    "suggested-transport-medium": "email",
    "comments": [
        "Address of Epic Games, Inc.: 620 Crossroads Blvd., Cary, NC 27518, United States of America"
    ]
}
