{
    "slug": "eprimo",
    "categories": [
        "utility"
    ],
    "name": "eprimo GmbH",
    "runs": [
        "mein eprimo",
        "eprimoShop"
    ],
    "address": "Flughafenstraße 20\n63263 Neu-Isenburg\nDeutschland",
    "phone": "+49 69 76 70 0",
    "fax": "+49 69 76 70 111",
    "email": "datenschutz@eprimo.de",
    "web": "https://www.eprimo.de/",
    "sources": [
        "https://www.eprimo.de/ueber-eprimo/datenschutzerklaerung",
        "https://www.eprimo.de/ueber-eprimo/impressum"
    ],
    "relevant-countries": [
        "de"
    ],
    "suggested-transport-medium": "email"
}