{
	"slug": "ergo-direkt",
    "relevant-countries": [
        "de"
    ],
    "categories": [
        "insurance"
    ],
    "name": "ERGO Direkt Versicherungen",
    "runs": [
    	"ERGO Direkt Lebensversicherung AG",
    	"ERGO Direkt Versicherung AG",
    	"ERGO Direkt Krankenversicherung AG",
        "ERGO Vorsorge Lebensversicherung AG",
        "ERGO Krankenversicherung AG",
        "MEAG Munich ERGO AssetManagement GmbH",
        "ERGO Versicherung AG",
        "Victoria Lebensversicherung AG",
        "DKV Deutsche Krankenversicherung AG",
        "ERGO Reiseversicherung AG",
        "ERGO Lebensversicherung AG",
        "ERGO Direkt AG"
    ],
    "address": "Karl-Martell-Straße 60\n90344 Nürnberg\nDeutschland",
    "phone": "+49 800 444 1000",
    "email": "datenschutz.beauftragter@ergodirekt.de",
    "web": "https://ergodirekt.de",
    "sources": [
        "https://ergodirekt.de/de/datenschutzunddatensicherheit.html",
        "https://github.com/datenanfragen/data/issues/42"
    ],
    "suggested-transport-medium": "email"
}
