{
    "slug": "estw",
    "relevant-countries": [
        "de"
    ],
    "name": "ESTW - Erlanger Stadtwerke AG",
    "address": "Äußere Brucker Straße 33\n91052 Erlangen\nDeutschland",
    "phone": "+49 9131 8230",
    "fax": "+49 9131 8234733",
    "email": "datenschutz@estw.de",
    "web": "https://www.estw.de",
    "sources": [
        "https://www.estw.de/de/Home/Impressum",
        "https://www.estw.de/de/Home/Datenschutz/Rechte-Seite/informationen-datenschutz-2019-v1-01.pdf"
    ],
    "suggested-transport-medium": "email"
}
