{
    "slug": "europa-apotheek-com",
    "categories": [
        "commerce"
    ],
    "name": "Europa Apotheek Venlo B.V.",
    "address": "Dirk Hartogweg 14\n5928-LV Venlo\nNiederlande",
    "phone": "+49 800 300 33 45",
    "fax": "+49 800 130 07 00",
    "email": "info@europa-apotheek.com",
    "web": "https://www.europa-apotheek.com/",
    "sources": [
        "https://www.europa-apotheek.com/datenschutz.htm",
        "https://www.europa-apotheek.com/impressum.htm"
    ],
    "comments": [
        "Deutsche Postanschrift laut Impressum: Europa Apotheek Venlo B.V., 41259 Mönchengladbach, Deutschland."
    ],
    "relevant-countries": [
        "de"
    ]
}