{
    "slug": "europro",
    "categories": [
        "credit agency",
        "addresses"
    ],
    "name": "EURO-PRO Ges. für Data Processing mbH",
    "address": "Lindenhof 1 – 3\n61279 Grävenwiesbach\nDeutschland",
    "phone": "+49 6086 3988 0",
    "fax": "+49 6086 3988 10",
    "email": "datenschutz@europro.de",
    "web": "https://www.europro.de/",
    "sources": [
        "https://www.europro.de/datenschutz/",
        "https://www.europro.de/impressum/"
    ],
    "required-elements": [
        {
            "desc": "Name",
            "type": "name"
        },
        {
            "desc": "Adresse",
            "type": "address"
        }
    ],
    "relevant-countries": [
        "de"
    ],
    "suggested-transport-medium": "email"
}
