{
    "slug": "europcar",
    "categories": [
        "travel"
    ],
    "name": "Europcar Autovermietung GmbH",
    "runs": [
        "Mein Europcar",
        "Europcar-Privilege-Loyalitätsprogramm"
    ],
    "address": "Tangstedter Landstraße 81\n22415 Hamburg\nDeutschland",
    "phone": "+49 40 520180",
    "fax": "+49 40 520182610",
    "email": "datenschutz@europcar.com",
    "sources": [
        "https://www.europcar.de/datenschutzrichtlinie",
        "https://www.europcar.de/impressum"
    ],
    "relevant-countries": [
        "de"
    ],
    "suggested-transport-medium": "email"
}