{
    "slug": "everything5pounds",
    "relevant-countries": [
        "gb"
    ],
    "categories": [
        "commerce"
    ],
    "name": "Fiver London Ltd.",
    "runs": [
        "everything5pounds.com (www.everything5pounds.com)"
    ],
    "address": "54 – 56 Camden Lock Place\nLondon NW1 8AF\nUnited Kingdom",
    "email": "sales@everything5pounds.com",
    "web": "https://www.everything5pounds.com",
    "sources": [
        "https://www.everything5pounds.com/en/privacy-cookies",
        "https://www.everything5pounds.com/en/contact-us"
    ],
    "request-language": "en"
}