{
    "slug": "experian-sg",
    "relevant-countries": [
        "sg"
    ],
    "categories": [
        "credit agency"
    ],
    "name": "Experian Singapore Pte. Ltd.",
    "address": "Compliance Department\n10 Kallang Avenue #14-18\nAperia Tower 2\nSingapore 339510\nSingapore",
    "phone": "+65 6593 7500",
    "web": "http://www.experian.com.sg",
    "sources": [
        "http://www.experian.com.sg/privacy-statement",
        "http://www.experian.com.sg/contact-us/"
    ],
    "request-language": "en"
}
