{
    "slug": "eyeota",
    "relevant-countries": [
        "all"
    ],
    "categories": [
        "ads"
    ],
    "name": "Eyeota Pte Ltd",
    "address": "12a Upper Circular Road\n058410\nSingapore",
    "email": "privacy@eyeota.com",
    "web": "https://www.eyeota.com/",
    "sources": [
        "https://www.eyeota.com/privacy-policy"
    ],
    "custom-access-template": "access-tracking",
    "suggested-transport-medium": "email",
    "comments": [
        "There is also a web form for requests: https://www.eyeota.com/subject-access-request-form"
    ]
}