{
    "slug": "eyereturnmarketing",
    "relevant-countries": [
        "all"
    ],
    "categories": [
        "ads"
    ],
    "name": "Eyereturn Marketing Inc.",
    "address": "110 Eglinton Avenue East\nSuite 701\nToronto\nOntario M4P 2Y1\nCanada",
    "email": "privacy@eyereturn.com",
    "web": "https://eyereturnmarketing.com/",
    "sources": [
        "https://eyereturnmarketing.com/privacy/"
    ],
    "custom-access-template": "access-tracking",
    "suggested-transport-medium": "email"
}