{
    "slug": "eyeviewdigital",
    "relevant-countries": [
        "all"
    ],
    "categories": [
        "ads"
    ],
    "name": "Eyeview Inc.",
    "address": "33 East 33rd Street\n6th Floor\nNew York\nNY 10016\nUnited States of America",
    "email": "privacy@eyeviewdigital.com",
    "web": "https://www.eyeviewdigital.com/",
    "sources": [
        "https://www.eyeviewdigital.com/privacy-policy/"
    ],
    "custom-access-template": "access-tracking",
    "suggested-transport-medium": "email"
}