{
    "slug": "facebook",
    "relevant-countries": [
        "all"
    ],
    "categories": [
        "entertainment",
        "social media"
    ],
    "name": "Facebook Ireland Ltd.",
    "runs": [
        "Facebook, Inc."
    ],
    "address": "4 Grand Canal Square\nGrand Canal Harbour\nDublin 2\nIreland",
    "phone": "+1 650 543 4800",
    "fax": "+1 650 543 5349",
    "email": "datarequests@support.facebook.com",
    "web": "https://www.facebook.com/",
    "sources": [
        "https://www.facebook.com/privacy/explanation",
        "https://www.facebook.com/legal/terms",
        "https://www.privacyshield.gov/participant?id=a2zt0000000GnywAAC",
        "https://www.facebook.com/careers/privacy",
        "https://github.com/datenanfragen/data/issues/92",
        "https://github.com/datenanfragen/data/issues/93",
        "https://www.facebook.com/help/contact/2032834846972583"
    ],
    "suggested-transport-medium": "email",
    "comments": [
        "Various privacy controls (including the ability to download your data as HTML or JSON) are available via the Facebook website: https://www.facebook.com/settings?tab=your_facebook_information",
        "Facebook's Data Protection Officer can be contacted via this form: https://www.facebook.com/help/contact/540977946302970",
        "We have previously listed Instagram under this record. We have since discovered better direct contact details and thus split the records."
    ]
}