{
    "slug": "fashionid",
    "relevant-countries": [
        "de"
    ],
    "categories": [
        "commerce"
    ],
    "name": "Fashion ID GmbH & Co. KG",
    "runs": [
        "peek-cloppenburg.de"
    ],
    "address": "Berliner Allee 2\n40212 Düsseldorf\nDeutschland",
    "phone": "+49 800 7003300",
    "fax": "+49 800 7003400",
    "email": "datenschutz@fashionid.de",
    "web": "https://www.fashionid.de",
    "sources": [
        "https://www.fashionid.de/privacy",
        "https://www.fashionid.de/impressum",
        "https://www.peek-cloppenburg.de/privacy",
        "https://de.wikipedia.org/wiki/Peek_%26_Cloppenburg_(D%C3%BCsseldorf)"
    ],
    "required-elements": [
        {
            "desc": "Name",
            "type": "name"
        },
        {
            "desc": "Adresse",
            "type": "address"
        }
    ],
    "suggested-transport-medium": "email"
}